City_ID,City,Lat,Lng,Max Temp,Humidity,Cloudiness,Wind Speed,Country,Date
0,Hobart,-42.8794,147.3294,58.26,63,20,13.8,AU,2022-10-13 23:01:53
1,Sobolevo,54.4299,31.8996,38.48,84,10,3.04,RU,2022-10-13 23:03:09
2,Ushuaia,-54.8,-68.3,35.2,93,87,4.36,AR,2022-10-13 23:01:51
3,Dikson,73.5069,80.5464,32.56,99,100,25.1,RU,2022-10-13 23:03:09
4,East London,-33.0153,27.9116,69.78,80,77,18.43,ZA,2022-10-13 23:02:02
5,Raudeberg,61.9875,5.1352,47.86,68,81,16.22,NO,2022-10-13 23:03:10
6,Bluff,-46.6,168.3333,52.81,66,4,3.67,NZ,2022-10-13 23:03:11
7,Airai,-8.9266,125.4092,65.55,72,58,1.59,TL,2022-10-13 23:01:25
8,Tadine,-21.55,167.8833,72.45,64,100,10.16,NC,2022-10-13 23:03:11
9,Kodiak,57.79,-152.4072,42.94,49,53,3.06,US,2022-10-13 23:02:38
10,New Norfolk,-42.7826,147.0587,58.57,57,96,5.01,AU,2022-10-13 23:03:12
11,Hokitika,-42.7167,170.9667,58.24,41,1,5.91,NZ,2022-10-13 23:03:12
12,Busselton,-33.65,115.3333,55.47,65,97,2.62,AU,2022-10-13 23:03:13
13,Punta Arenas,-53.15,-70.9167,48.11,57,20,18.41,CL,2022-10-13 23:03:14
14,Tuktoyaktuk,69.4541,-133.0374,27.19,71,100,11.52,CA,2022-10-13 23:03:14
15,Talnakh,69.4865,88.3972,27.21,95,100,8.28,RU,2022-10-13 23:03:14
16,Lagunas,-5.2269,-75.6753,86.76,47,76,2.68,PE,2022-10-13 23:03:15
17,Port Elizabeth,-33.918,25.5701,68.09,97,100,16.11,ZA,2022-10-13 23:03:15
18,Geraldton,-28.7667,114.6,45.01,87,0,5.75,AU,2022-10-13 23:02:42
19,Nome,64.5011,-165.4064,35.17,56,0,4.61,US,2022-10-13 23:03:17
20,Nikolskoye,59.7035,30.7861,42.69,84,99,4.88,RU,2022-10-13 23:03:17
21,Khatanga,71.9667,102.5,6.55,97,98,8.14,RU,2022-10-13 23:02:46
22,Lorengau,-2.0226,147.2712,83.75,65,93,1.36,PG,2022-10-13 23:03:18
23,Barrow,71.2906,-156.7887,28.42,64,100,10.36,US,2022-10-13 23:03:18
24,Les Cayes,18.2,-73.75,80.04,78,99,7.02,HT,2022-10-13 23:03:19
25,Alice Springs,-23.7,133.8833,56.75,54,75,9.22,AU,2022-10-13 23:02:41
26,Chokurdakh,70.6333,147.9167,7.25,94,89,5.06,RU,2022-10-13 23:03:19
27,Ahipara,-35.1667,173.1667,61.18,76,83,14.61,NZ,2022-10-13 23:03:20
28,Rikitea,-23.1203,-134.9692,71.33,71,62,13.58,PF,2022-10-13 23:03:20
29,Warrnambool,-38.3833,142.4833,52.79,88,98,21.47,AU,2022-10-13 23:03:21
30,Pilikwe,-22.799,27.1938,75.31,21,16,7.83,BW,2022-10-13 23:03:21
31,Mount Gambier,-37.8333,140.7667,53.51,87,75,21.85,AU,2022-10-13 23:02:18
32,Miandrivazo,-19.5167,45.4667,76.32,73,52,2.68,MG,2022-10-13 23:03:22
33,Mataura,-46.1927,168.8643,52.48,50,9,5.01,NZ,2022-10-13 23:03:22
34,Todos Santos,23.45,-110.2167,79.45,67,1,8.93,MX,2022-10-13 23:03:22
35,Bathsheba,13.2167,-59.5167,80.69,76,6,11.07,BB,2022-10-13 23:00:51
36,Bayan,46.0833,127.4,46.29,80,7,1.99,CN,2022-10-13 23:03:23
37,Esperance,-33.8667,121.9,53.8,74,77,11.03,AU,2022-10-13 23:03:23
38,Kibakwe,-6.7167,36.3667,60.13,62,4,3.96,TZ,2022-10-13 23:03:24
39,Jamestown,42.097,-79.2353,49.59,68,0,6.91,US,2022-10-13 23:02:24
40,Vaini,-21.2,-175.2,69.96,100,100,4.61,TO,2022-10-13 23:03:24
41,Provideniya,64.3833,-173.3,28.51,74,40,4.47,RU,2022-10-13 23:01:20
42,Albany,42.6001,-73.9662,65.62,90,100,1.01,US,2022-10-13 23:02:11
43,Arraial Do Cabo,-22.9661,-42.0278,72.27,84,11,24.56,BR,2022-10-13 23:03:26
44,Hermanus,-34.4187,19.2345,58.8,88,97,3.87,ZA,2022-10-13 23:03:26
45,Saldanha,-33.0117,17.9442,59.43,90,87,12.57,ZA,2022-10-13 23:03:27
46,Ust-Nera,64.5667,143.2,10.49,95,100,3.67,RU,2022-10-13 23:04:27
47,Jackson,42.4165,-122.8345,88.92,21,4,1.01,US,2022-10-13 23:01:17
48,Bengkulu,-3.8004,102.2655,73.87,90,92,3.4,ID,2022-10-13 22:59:35
49,Codrington,-38.2667,141.9667,52.7,91,99,20.02,AU,2022-10-13 23:04:28
50,Narsaq,60.9167,-46.05,26.82,72,2,7.87,GL,2022-10-13 23:04:28
51,Sao Joao Da Barra,-21.6403,-41.0511,75.29,83,6,16.89,BR,2022-10-13 23:04:29
52,Hovd,48.0056,91.6419,32.56,50,0,3.4,MN,2022-10-13 23:04:29
53,Yellowknife,62.456,-114.3525,39.56,64,85,28.99,CA,2022-10-13 23:01:27
54,Qaanaaq,77.484,-69.3632,20.25,82,100,9.04,GL,2022-10-13 23:02:46
55,Butaritari,3.0707,172.7902,82.2,74,63,13.31,KI,2022-10-13 23:04:30
56,Port Alfred,-33.5906,26.891,67.17,95,100,4.0,ZA,2022-10-13 23:04:30
57,Saint-Philippe,-21.3585,55.7679,64.11,83,30,12.48,RE,2022-10-13 23:03:53
58,Stuttgart,48.7823,9.177,56.43,77,0,4.61,DE,2022-10-13 22:59:46
59,Clyde River,70.4692,-68.5914,24.8,64,92,11.86,CA,2022-10-13 23:03:38
60,Mackenzie,55.2999,-123.1698,65.44,40,63,8.03,CA,2022-10-13 23:00:26
61,Porto Novo,6.4965,2.6036,77.45,85,100,4.09,BJ,2022-10-13 23:04:32
62,Monrovia,6.3005,-10.7969,77.77,87,62,8.86,LR,2022-10-13 22:59:47
63,Te Anau,-45.4167,167.7167,56.28,52,11,0.87,NZ,2022-10-13 23:04:32
64,Coquimbo,-29.9533,-71.3436,55.13,87,0,9.22,CL,2022-10-13 23:04:33
65,Aripuana,-9.1667,-60.6333,73.42,90,98,1.43,BR,2022-10-13 23:04:33
66,Berlevag,70.8578,29.0864,37.2,86,81,10.36,NO,2022-10-13 23:04:34
67,Namangan,40.9983,71.6726,59.67,20,94,4.99,UZ,2022-10-13 23:00:15
68,Bredasdorp,-34.5322,20.0403,55.42,90,100,4.83,ZA,2022-10-13 23:04:34
69,Hirara,24.8,125.2833,79.92,81,53,25.23,JP,2022-10-13 23:04:35
70,Usolye,59.4268,56.6808,44.35,87,94,5.26,RU,2022-10-13 23:04:35
71,Cape Town,-33.9258,18.4232,61.92,79,100,5.99,ZA,2022-10-13 23:02:44
72,Ranong,9.9658,98.6348,75.96,88,100,2.55,TH,2022-10-13 23:04:35
73,Olafsvik,64.8945,-23.7142,38.79,74,77,21.99,IS,2022-10-13 23:04:36
74,Hilo,19.7297,-155.09,88.11,74,83,4.0,US,2022-10-13 23:00:03
75,Upata,8.0086,-62.3989,72.54,94,98,3.33,VE,2022-10-13 23:04:37
76,Skjervoy,70.0311,20.9714,41.0,79,100,18.41,NO,2022-10-13 23:04:37
77,Kaitangata,-46.2817,169.8464,55.87,56,42,10.65,NZ,2022-10-13 23:04:37
78,Ponta Do Sol,32.6667,-17.1,72.01,71,32,6.24,PT,2022-10-13 23:00:41
79,Palmer,42.1584,-72.3287,66.49,82,100,8.05,US,2022-10-13 23:04:38
80,Bell Ville,-32.6259,-62.6887,58.28,15,0,7.99,AR,2022-10-13 23:01:51
81,Pouembout,-21.1333,164.9,79.9,47,0,4.12,NC,2022-10-13 23:04:38
82,Sebring,27.4956,-81.4409,76.75,94,40,6.91,US,2022-10-13 23:04:39
83,Bethel,41.3712,-73.414,67.05,87,100,1.99,US,2022-10-13 23:04:39
84,Atuona,-9.8,-139.0333,77.14,76,22,16.55,PF,2022-10-13 23:04:39
85,Hare Bay,48.8499,-54.0148,47.44,80,66,5.46,CA,2022-10-13 23:04:40
86,Thompson,55.7435,-97.8558,34.03,97,100,17.76,CA,2022-10-13 23:04:30
87,Lakatoro,-16.0999,167.4164,81.05,62,18,6.35,VU,2022-10-13 23:04:40
88,Sitka,57.0531,-135.33,53.49,94,100,11.5,US,2022-10-13 23:04:41
89,Pimentel,-6.8367,-79.9342,62.89,72,0,23.02,PE,2022-10-13 23:04:41
90,Luderitz,-26.6481,15.1594,59.4,80,0,10.36,NA,2022-10-13 23:04:41
91,Dorobantu,44.2167,26.95,56.03,80,35,5.21,RO,2022-10-13 23:04:42
92,Thunder Bay,48.4001,-89.3168,41.45,63,99,5.5,CA,2022-10-13 23:04:55
93,Christchurch,-43.5333,172.6333,55.42,72,75,12.66,NZ,2022-10-13 23:01:02
94,Pevek,69.7008,170.3133,18.39,79,87,8.32,RU,2022-10-13 23:05:42
95,Anupgarh,29.1911,73.2086,75.22,34,0,3.56,IN,2022-10-13 23:05:43
96,Mahebourg,-20.4081,57.7,71.26,68,17,15.48,MU,2022-10-13 23:05:43
97,Tiksi,71.6872,128.8694,20.21,93,100,6.71,RU,2022-10-13 23:05:43
98,Vestmannaeyjar,63.4427,-20.2734,40.48,64,100,6.51,IS,2022-10-13 23:05:44
99,Provost,52.3501,-110.2683,61.52,31,46,7.18,CA,2022-10-13 23:05:45
100,Georgetown,5.4112,100.3354,76.95,92,40,0.0,MY,2022-10-13 23:05:34
101,Saint-Georges,12.0564,-61.7485,80.28,83,20,8.05,GD,2022-10-13 23:05:46
102,Monywa,22.1167,95.1333,77.81,81,11,1.34,MM,2022-10-13 23:05:46
103,Saskylakh,71.9167,114.0833,8.92,98,100,4.97,RU,2022-10-13 23:05:47
104,Swan Hill,-35.3378,143.5544,56.1,71,16,18.03,AU,2022-10-13 23:04:35
105,Kirakira,-10.4544,161.9205,84.69,65,84,9.51,SB,2022-10-13 23:05:12
106,Avarua,-21.2078,-159.775,78.85,83,75,13.8,CK,2022-10-13 23:05:47
107,Ambilobe,-13.2,49.05,65.32,81,0,3.85,MG,2022-10-13 23:05:48
108,Puerto Ayora,-0.7393,-90.3518,68.56,91,76,4.0,EC,2022-10-13 23:01:32
109,Alofi,-19.0595,-169.9187,84.09,74,75,12.66,NU,2022-10-13 23:05:48
110,Hasaki,35.7333,140.8333,61.29,89,100,28.05,JP,2022-10-13 23:05:49
111,Baiao,-2.7906,-49.6717,79.27,74,46,2.21,BR,2022-10-13 23:05:49
112,Mountain Home,43.133,-115.6912,74.68,20,0,3.44,US,2022-10-13 23:05:50
113,Moussoro,13.6408,16.4901,88.65,16,10,13.33,TD,2022-10-13 23:05:50
114,Coihaique,-45.5752,-72.0662,44.55,65,75,6.91,CL,2022-10-13 23:05:51
115,Kavieng,-2.5744,150.7967,84.07,65,49,12.01,PG,2022-10-13 23:05:51
116,Tasiilaq,65.6145,-37.6368,30.36,74,68,5.06,GL,2022-10-13 23:05:52
117,Ostrovnoy,68.0531,39.5131,41.7,86,100,21.05,RU,2022-10-13 23:05:52
118,Lagoa,39.05,-27.9833,70.59,80,38,14.56,PT,2022-10-13 23:05:53
119,Los Llanos De Aridane,28.6585,-17.9182,71.13,63,40,11.5,ES,2022-10-13 23:05:53
120,Ketchikan,55.3422,-131.6461,54.07,94,100,17.27,US,2022-10-13 23:05:53
121,Rocha,-34.4833,-54.3333,47.12,57,58,9.33,UY,2022-10-13 23:05:54
122,San Patricio,28.017,-97.5169,87.84,60,78,8.41,US,2022-10-13 23:05:54
123,Tomatlan,19.9333,-105.25,83.41,65,90,4.03,MX,2022-10-13 23:05:54
124,Tazovskiy,67.4667,78.7,36.07,85,100,15.57,RU,2022-10-13 23:05:55
125,Sorland,67.667,12.6934,44.46,68,98,17.56,NO,2022-10-13 23:05:55
126,Tessalit,20.1986,1.0114,84.85,11,4,7.72,ML,2022-10-13 23:05:56
127,Bukama,-9.2,25.85,73.54,26,5,3.31,CD,2022-10-13 23:05:56
128,Kapaa,22.0752,-159.319,85.98,75,100,4.61,US,2022-10-13 23:05:57
129,Bagn,60.8225,9.5521,35.08,90,92,1.99,NO,2022-10-13 23:05:57
130,Hagere Hiywet,8.9833,37.85,55.98,83,77,3.87,ET,2022-10-13 23:05:57
131,Ancud,-41.8697,-73.8203,44.73,91,100,15.23,CL,2022-10-13 23:05:58
132,Broome,42.2506,-75.833,55.62,90,100,1.01,US,2022-10-13 23:05:58
133,Castro,-24.7911,-50.0119,60.67,94,100,3.74,BR,2022-10-13 23:03:47
134,Mar Del Plata,-38.0023,-57.5575,49.87,62,0,11.01,AR,2022-10-13 23:05:59
135,Yar-Sale,66.8333,70.8333,40.62,91,100,14.12,RU,2022-10-13 23:06:59
136,Nelson Bay,-32.7167,152.15,66.0,94,100,11.01,AU,2022-10-13 23:07:00
137,Opuwo,-18.0607,13.84,70.9,45,58,4.45,NA,2022-10-13 23:07:00
138,Carnarvon,-24.8667,113.6333,65.01,37,0,15.57,AU,2022-10-13 23:07:00
139,Prince Rupert,54.3161,-130.3201,53.69,94,100,8.05,CA,2022-10-13 23:06:14
140,Fairbanks,64.8378,-147.7164,27.09,80,75,0.0,US,2022-10-13 23:03:24
141,Jacareacanga,-6.2222,-57.7528,76.66,80,68,3.58,BR,2022-10-13 23:07:01
142,Tual,-5.6667,132.75,82.89,77,63,12.88,ID,2022-10-13 23:07:02
143,Northam,51.0333,-4.2167,54.61,95,100,8.68,GB,2022-10-13 23:07:02
144,Hwange,-18.3693,26.5019,72.86,32,0,2.68,ZW,2022-10-13 23:07:02
145,Mahanoro,-19.9,48.8,67.66,82,60,1.12,MG,2022-10-13 23:07:04
146,Upernavik,72.7868,-56.1549,13.51,75,51,8.66,GL,2022-10-13 23:07:05
147,La Libertad,-2.2333,-80.9,67.66,83,75,12.66,EC,2022-10-13 23:07:06
148,Hambantota,6.1241,81.1185,77.14,85,100,13.18,LK,2022-10-13 23:07:06
149,Kavaratti,10.5669,72.642,80.51,76,69,1.72,IN,2022-10-13 23:07:07
150,Ariquemes,-9.9133,-63.0408,78.24,74,94,1.81,BR,2022-10-13 23:07:07
151,Lasa,46.6166,10.7002,52.36,84,100,0.94,IT,2022-10-13 23:07:07
152,Dingle,10.9995,122.6711,77.68,86,100,1.74,PH,2022-10-13 23:05:04
153,Longyearbyen,78.2186,15.6401,26.44,74,0,3.44,SJ,2022-10-13 23:02:10
154,Salalah,17.0151,54.0924,77.09,83,40,4.61,OM,2022-10-13 23:03:51
155,Vostok,46.4856,135.8833,46.45,83,4,3.29,RU,2022-10-13 23:07:09
156,Tuatapere,-46.1333,167.6833,58.06,50,5,2.66,NZ,2022-10-13 23:07:09
157,Ambulu,-8.345,113.6058,76.05,86,100,2.68,ID,2022-10-13 23:07:10
158,Namibe,-15.1961,12.1522,66.83,88,30,6.29,AO,2022-10-13 23:07:10
159,Ribeira Grande,38.5167,-28.7,70.77,90,56,1.99,PT,2022-10-13 23:07:11
160,Chuy,-33.6971,-53.4616,50.49,60,47,14.36,UY,2022-10-13 23:07:11
161,Gamba,-2.65,10.0,75.97,92,89,5.93,GA,2022-10-13 23:07:12
162,Divnomorskoye,44.5011,38.1353,53.71,60,45,6.76,RU,2022-10-13 23:07:12
163,Fortuna,40.5982,-124.1573,63.91,78,0,13.8,US,2022-10-13 23:07:13
164,Sao Filipe,14.8961,-24.4956,79.32,80,55,10.54,CV,2022-10-13 23:07:13
165,Staryy Nadym,65.6118,72.6842,38.89,86,100,14.05,RU,2022-10-13 23:07:14
166,Laje,-10.1833,-40.9667,77.79,48,52,13.89,BR,2022-10-13 23:07:15
167,Dembi Dolo,8.5333,34.8,57.92,86,96,3.89,ET,2022-10-13 23:07:15
168,Batagay-Alyta,67.8006,130.4114,9.64,88,99,1.92,RU,2022-10-13 23:07:16
169,Chapais,49.7834,-74.8492,55.18,86,100,17.34,CA,2022-10-13 23:07:16
170,Maarianhamina,60.0973,19.9348,51.66,87,100,10.36,AX,2022-10-13 23:07:16
171,Hamilton,39.1834,-84.5333,60.73,42,100,9.22,US,2022-10-13 23:07:17
172,Emerald,-23.5333,148.1667,72.34,66,18,8.75,AU,2022-10-13 23:02:59
173,Kropotkin,45.4375,40.5756,53.11,41,100,5.55,RU,2022-10-13 23:07:18
174,Anadyr,64.75,177.4833,21.7,85,20,4.47,RU,2022-10-13 23:07:19
175,Carballo,43.213,-8.691,66.9,94,93,4.29,ES,2022-10-13 23:07:19
176,Half Moon Bay,37.4636,-122.4286,78.55,77,100,20.71,US,2022-10-13 23:07:21
177,Guerrero Negro,27.9769,-114.0611,72.43,72,19,18.05,MX,2022-10-13 23:04:37
178,Dakar,14.6937,-17.4441,81.48,79,15,11.48,SN,2022-10-13 23:07:21
179,Tatawin,32.9297,10.4518,72.16,88,89,10.02,TN,2022-10-13 23:07:22
180,Karratha,-20.7377,116.8463,71.26,28,79,10.31,AU,2022-10-13 23:07:22
181,Flinders,-34.5833,150.8552,58.41,79,100,13.96,AU,2022-10-13 23:08:23
182,Elat,29.5581,34.9482,73.24,73,0,6.91,IL,2022-10-13 23:08:24
183,Aklavik,68.2191,-135.0107,27.36,63,100,13.22,CA,2022-10-13 23:08:24
184,Saint-Louis,16.3333,-15.0,74.01,82,80,17.94,SN,2022-10-13 23:08:24
185,Port Blair,11.6667,92.75,79.5,79,10,3.85,IN,2022-10-13 23:04:39
186,Madisonville,37.3281,-87.4989,64.26,30,8,11.52,US,2022-10-13 23:08:25
187,Kampot,10.6167,104.1833,77.05,86,90,3.74,KH,2022-10-13 23:08:25
188,Orange Walk,17.8333,-88.8333,78.67,93,100,3.0,BZ,2022-10-13 23:08:26
189,Sarangani,5.4033,125.4636,84.36,75,100,16.2,PH,2022-10-13 23:08:26
190,Lima Duarte,-21.8425,-43.7931,69.49,57,18,3.0,BR,2022-10-13 23:08:26
191,Port Macquarie,-31.4333,152.9167,68.9,75,100,7.07,AU,2022-10-13 23:08:27
192,Coahuayana,18.7333,-103.6833,82.44,84,91,3.36,MX,2022-10-13 23:08:27
193,Ihosy,-22.4,46.1167,61.72,80,58,9.53,MG,2022-10-13 23:08:28
194,Changchun,43.88,125.3228,48.16,88,53,5.77,CN,2022-10-13 23:08:28
195,Kankon,15.0167,74.0167,77.85,88,99,4.81,IN,2022-10-13 23:08:29
196,Campbell River,50.0163,-125.2446,71.6,36,60,2.26,CA,2022-10-13 23:07:18
197,Bridlington,54.0831,-0.1919,50.29,76,1,12.41,GB,2022-10-13 23:08:29
198,Notre-Dame-Du-Lac,47.6136,-68.7964,61.88,66,98,13.38,CA,2022-10-13 23:08:29
199,Severo-Kurilsk,50.6789,156.125,45.82,75,99,9.31,RU,2022-10-13 23:08:30
200,Mragowo,53.8644,21.3051,41.0,83,14,8.28,PL,2022-10-13 23:08:30
201,Verkhoyansk,67.5447,133.385,-0.83,98,92,1.32,RU,2022-10-13 23:08:31
202,Konstantinovka,49.6167,127.9833,44.08,49,6,5.39,RU,2022-10-13 23:08:31
203,Okha,53.5739,142.9478,44.94,83,59,11.54,RU,2022-10-13 23:08:31
204,Tecolutla,20.4833,-97.0167,93.06,82,98,11.23,MX,2022-10-13 23:08:33
205,Leh,34.1667,77.5833,38.7,52,2,3.0,IN,2022-10-13 23:08:33
206,Uray,60.1247,64.7758,41.11,88,95,6.96,RU,2022-10-13 23:08:34
207,Sisimiut,66.9395,-53.6735,25.77,86,49,7.74,GL,2022-10-13 23:08:34
208,Tamandare,-8.7597,-35.1047,75.43,82,56,8.23,BR,2022-10-13 23:08:35
209,Urucara,-2.5364,-57.76,80.46,71,63,0.72,BR,2022-10-13 23:08:36
210,Katobu,-4.9408,122.5276,77.95,87,89,1.92,ID,2022-10-13 23:08:36
211,Serebryanyy Bor,56.8,124.8,27.52,93,98,4.59,RU,2022-10-13 23:08:36
212,Darhan,49.4867,105.9228,34.16,83,97,0.29,MN,2022-10-13 23:08:37
213,Danane,7.2596,-8.155,69.39,97,87,1.45,CI,2022-10-13 23:08:37
214,Amahai,-3.3333,128.9167,81.32,78,46,1.95,ID,2022-10-13 23:08:38
215,Salinopolis,-0.6136,-47.3561,80.87,81,21,15.48,BR,2022-10-13 23:08:38
216,San Policarpo,12.1791,125.5072,80.51,83,100,9.82,PH,2022-10-13 23:08:39
217,Langsa,4.4683,97.9683,73.76,95,100,1.74,ID,2022-10-13 23:08:39
218,Oskarshamn,57.2645,16.4484,50.99,92,100,4.92,SE,2022-10-13 23:08:40
219,Touros,-5.1989,-35.4608,77.99,79,21,17.58,BR,2022-10-13 23:08:40
220,Llanes,43.4198,-4.7549,67.89,85,74,8.39,ES,2022-10-13 23:08:40
221,Soyo,-6.1349,12.3689,76.5,86,80,10.69,AO,2022-10-13 23:08:41
222,Udachnyy,66.4167,112.4,18.12,96,96,5.03,RU,2022-10-13 23:04:13
223,Cherskiy,68.75,161.3,9.91,88,100,6.04,RU,2022-10-13 23:08:41
224,Raboso,18.5667,-98.45,78.48,62,77,6.49,MX,2022-10-13 23:09:42
225,Alta Floresta,-9.8756,-56.0861,71.82,89,84,1.9,BR,2022-10-13 23:09:42
226,Souillac,-20.5167,57.5167,69.91,69,41,14.52,MU,2022-10-13 23:09:43
227,Dagda,56.0951,27.5372,39.69,94,51,4.23,LV,2022-10-13 23:09:43
228,Sassandra,4.95,-6.0833,75.04,94,48,5.44,CI,2022-10-13 23:09:44
229,Launceston,-41.45,147.1667,57.61,75,40,13.8,AU,2022-10-13 23:09:44
230,Luena,-11.7833,19.9167,66.07,73,94,7.67,AO,2022-10-13 23:09:44
231,Tura,25.5198,90.2201,69.12,96,49,2.15,IN,2022-10-13 23:05:14
232,Yashalta,46.3395,42.2762,51.78,48,100,4.34,RU,2022-10-13 23:09:45
233,Boyabat,41.4689,34.7667,50.52,81,79,0.83,TR,2022-10-13 23:09:45
234,Bose,45.4612,8.0137,56.75,88,36,4.14,IT,2022-10-13 23:07:35
235,Emba,48.8264,58.1442,44.6,84,10,7.2,KZ,2022-10-13 23:09:46
236,Bambous Virieux,-20.3428,57.7575,71.22,67,15,15.52,MU,2022-10-13 23:05:13
237,Shelburne,44.0787,-80.2041,48.76,84,54,11.79,CA,2022-10-13 23:09:46
238,Lebu,-37.6167,-73.65,48.34,67,4,17.52,CL,2022-10-13 23:06:23
239,Nanortalik,60.1432,-45.2371,30.45,63,44,9.26,GL,2022-10-13 23:09:47
240,Isangel,-19.55,169.2667,75.88,65,2,11.36,VU,2022-10-13 23:09:47
241,Bereda,43.2686,-7.5406,63.41,100,68,3.4,ES,2022-10-13 23:09:47
242,Isiro,2.7739,27.616,67.03,98,84,1.9,CD,2022-10-13 23:09:48
243,Taltal,-25.4,-70.4833,60.26,72,23,5.55,CL,2022-10-13 23:09:48
244,Shirokiy,49.758,129.523,42.46,60,4,3.27,RU,2022-10-13 23:09:48
245,Comodoro Rivadavia,-45.8667,-67.5,49.86,46,0,2.3,AR,2022-10-13 23:05:41
246,Sovetskiy,61.3614,63.5842,40.21,93,100,4.92,RU,2022-10-13 23:07:34
247,Kuytun,54.3419,101.5036,30.97,96,100,6.85,RU,2022-10-13 23:09:49
248,Nioro,13.35,-15.75,75.56,94,36,5.32,GM,2022-10-13 23:09:49
249,Sabang,5.8933,95.3214,81.63,74,100,18.41,ID,2022-10-13 23:09:50
250,Catuday,16.2923,119.8062,79.75,79,97,4.29,PH,2022-10-13 23:09:50
251,Torbay,47.6666,-52.7314,52.27,83,31,5.99,CA,2022-10-13 23:09:50
252,Ternate,0.8,127.4,82.38,77,94,5.35,ID,2022-10-13 23:09:51
253,Halifax,44.6453,-63.5724,56.5,95,75,3.44,CA,2022-10-13 23:08:11
254,Gorele,41.0308,39.0031,60.03,88,100,2.35,TR,2022-10-13 23:09:51
255,Arlit,18.7369,7.3853,87.26,13,1,5.64,NE,2022-10-13 23:09:51
256,Abu Samrah,35.3029,37.1841,65.98,72,15,6.26,SY,2022-10-13 23:09:52
257,Awbari,26.5921,12.7805,74.1,26,2,5.03,LY,2022-10-13 23:09:52
258,Ballina,-28.8667,153.5667,73.78,83,100,8.97,AU,2022-10-13 23:05:02
259,Chincha Alta,-13.4099,-76.1323,59.59,77,5,3.85,PE,2022-10-13 23:09:36
260,Nhulunbuy,-12.2333,136.7667,84.81,74,75,10.36,AU,2022-10-13 23:09:53
261,Cheyenne,41.14,-104.8203,61.99,24,0,28.99,US,2022-10-13 23:06:59
262,Sao Borja,-28.6606,-56.0044,66.94,70,72,7.65,BR,2022-10-13 23:09:53
263,Kautokeino,69.0125,23.0412,35.51,87,78,4.79,NO,2022-10-13 23:09:53
264,Samsud,47.35,22.95,43.34,89,4,3.06,RO,2022-10-13 23:09:54
265,Victoria,22.2855,114.1577,78.33,78,45,10.0,HK,2022-10-13 23:07:33
266,Pangnirtung,66.1451,-65.7125,20.44,63,8,3.2,CA,2022-10-13 23:09:54
267,Hervey Bay,-25.2986,152.8535,76.01,73,87,7.0,AU,2022-10-13 23:09:55
268,Benjamin Constant,-4.3831,-70.0311,82.45,69,40,3.44,BR,2022-10-13 23:09:55
269,Port Lincoln,-34.7333,135.8667,57.65,64,28,17.34,AU,2022-10-13 23:09:55
270,Cam Ranh,11.9214,109.1591,71.56,100,75,1.14,VN,2022-10-13 23:09:56
271,Cidreira,-30.1811,-50.2056,64.58,92,85,5.64,BR,2022-10-13 23:09:56
272,Katsuura,35.1333,140.3,64.02,91,100,22.3,JP,2022-10-13 23:10:56
273,Constitucion,-35.3333,-72.4167,52.72,65,1,16.31,CL,2022-10-13 23:10:06
274,Vidim,56.4088,103.1106,31.46,96,100,4.38,RU,2022-10-13 23:10:57
275,Arman,59.7,150.1667,29.97,81,100,6.15,RU,2022-10-13 23:10:57
276,Limanu,43.8,28.5333,51.53,78,65,10.56,RO,2022-10-13 23:10:58
277,Praia Da Vitoria,38.7333,-27.0667,72.75,87,42,8.75,PT,2022-10-13 23:10:58
278,Elko,41.0002,-115.5012,78.82,13,0,10.0,US,2022-10-13 23:10:58
279,Cayenne,4.9333,-52.3333,75.24,100,0,0.0,GF,2022-10-13 23:10:59
280,Eyl,7.9803,49.8164,77.13,85,24,12.24,SO,2022-10-13 23:10:59
281,Broken Hill,-31.95,141.4333,55.87,56,11,16.28,AU,2022-10-13 23:11:00
282,Labuhan,-6.8844,112.2051,77.97,83,100,8.3,ID,2022-10-13 23:11:00
283,Partizansk,43.1258,133.1339,50.7,89,23,1.05,RU,2022-10-13 23:11:00
284,Mayor Pablo Lagerenza,-19.9309,-60.7718,70.56,91,88,4.65,PY,2022-10-13 23:11:01
285,Preobrazheniye,42.9019,133.9064,54.5,79,16,5.12,RU,2022-10-13 23:11:01
286,Whitehorse,60.7161,-135.0538,32.77,87,100,20.71,CA,2022-10-13 23:11:01
287,Klaksvik,62.2266,-6.589,43.72,87,100,17.4,FO,2022-10-13 23:11:02
288,Am Timan,11.0297,20.2827,77.22,65,90,2.59,TD,2022-10-13 23:11:02
289,Dezhou,37.4486,116.2925,58.21,58,100,4.76,CN,2022-10-13 23:11:03
290,Scottsbluff,41.8666,-103.6672,65.52,27,0,27.63,US,2022-10-13 23:08:11
291,Cuenca,-2.8833,-78.9833,57.67,91,100,3.31,EC,2022-10-13 23:07:26
292,Saint-Augustin,51.226,-58.6502,44.47,88,100,6.11,CA,2022-10-13 23:08:57
293,Podor,16.6527,-14.9587,76.62,74,82,24.32,MR,2022-10-13 23:11:04
294,Seoul,37.5683,126.9778,56.64,60,99,0.85,KR,2022-10-13 23:09:11
295,Woodland,38.6785,-121.7733,87.03,34,0,5.75,US,2022-10-13 23:06:25
296,Kilindoni,-7.9139,39.6668,75.38,72,1,13.8,TZ,2022-10-13 23:11:05
297,Zhigansk,66.7697,123.3711,23.34,97,100,3.13,RU,2022-10-13 23:11:06
298,Beyneu,45.3167,55.2,51.69,78,100,3.76,KZ,2022-10-13 23:11:06
299,Kalmunai,7.4167,81.8167,77.25,86,95,2.71,LK,2022-10-13 23:11:06
300,San Jose,37.3394,-121.895,81.91,56,0,10.36,US,2022-10-13 23:10:15
301,Liuzhou,24.3126,109.3892,63.66,41,13,6.53,CN,2022-10-13 23:11:07
302,Hirado,33.3597,129.5531,69.39,78,5,17.18,JP,2022-10-13 23:11:07
303,Pasighat,28.0667,95.3333,71.17,92,88,2.68,IN,2022-10-13 23:11:08
304,Omboue,-1.5746,9.2618,76.08,91,98,6.42,GA,2022-10-13 23:11:08
305,Acapulco,16.8634,-99.8901,84.02,79,75,4.61,MX,2022-10-13 23:10:23
306,Paka,4.6374,103.4368,76.86,88,100,3.06,MY,2022-10-13 23:11:09
307,Adrar,20.5022,-10.0711,83.17,24,96,11.63,MR,2022-10-13 23:11:09
308,Fukue,32.6881,128.8419,71.19,76,8,17.58,JP,2022-10-13 23:11:10
309,Straseni,47.1414,28.6103,50.43,99,100,3.47,MD,2022-10-13 23:11:11
310,Verkhnyaya Inta,65.9811,60.3094,40.01,96,100,3.69,RU,2022-10-13 23:11:11
311,Igunga,-4.2833,33.8833,72.43,28,13,9.13,TZ,2022-10-13 23:11:12
312,Birjand,32.8663,59.2211,61.92,21,0,7.29,IR,2022-10-13 23:11:12
313,Ilulissat,69.2167,-51.1,26.62,93,100,0.0,GL,2022-10-13 23:11:13
314,Cabo San Lucas,22.8909,-109.9124,88.61,54,0,19.57,MX,2022-10-13 23:11:08
315,Praya,14.9215,-23.5087,79.34,83,20,12.66,CV,2022-10-13 23:11:13
316,Grand Gaube,-20.0064,57.6608,71.38,66,1,8.01,MU,2022-10-13 23:11:14
317,Iqaluit,63.7506,-68.5145,19.63,80,6,5.88,CA,2022-10-13 23:11:14
318,Caravelas,-17.7125,-39.2481,74.16,79,0,6.4,BR,2022-10-13 23:12:15
319,Russellville,35.2784,-93.1338,73.98,22,0,13.8,US,2022-10-13 23:12:15
320,Hithadhoo,-0.6,73.0833,81.43,70,85,16.62,MV,2022-10-13 23:12:16
321,Rafraf,37.1904,10.1837,68.31,75,9,19.84,TN,2022-10-13 23:12:16
322,Vila Velha,-20.3297,-40.2925,76.95,78,75,11.5,BR,2022-10-13 23:12:17
323,Ulladulla,-35.35,150.4667,62.29,58,81,15.05,AU,2022-10-13 23:12:17
324,Varzea Da Palma,-17.5981,-44.7308,80.6,29,34,6.73,BR,2022-10-13 23:12:18
325,Atar,20.5169,-13.0499,86.2,27,100,10.04,MR,2022-10-13 23:12:19
326,Camacupa,-12.0167,17.4833,65.05,66,60,2.13,AO,2022-10-13 23:12:19
327,Cap Malheureux,-19.9842,57.6142,71.47,66,1,8.01,MU,2022-10-13 23:12:20
328,Jiwani,25.05,61.7417,79.81,62,0,5.21,PK,2022-10-13 23:12:20
329,Komsomolskoye,55.2567,47.5461,44.2,83,100,11.12,RU,2022-10-13 23:12:21
330,Puerto Del Rosario,28.5004,-13.8627,73.15,78,75,16.11,ES,2022-10-13 23:12:21
331,Komsomolskiy,40.4272,71.7189,54.32,35,78,6.91,UZ,2022-10-13 23:12:22
332,Gongzhuling,43.5008,124.8198,49.06,88,76,6.02,CN,2022-10-13 23:12:22
333,Chistogorskiy,53.9835,87.3843,33.28,93,16,2.73,RU,2022-10-13 23:12:23
334,Karaton,-6.3424,106.1045,73.13,93,100,3.13,ID,2022-10-13 23:12:23
335,Padang,-0.9492,100.3543,75.25,87,100,1.88,ID,2022-10-13 23:12:24
336,La Grande,45.3246,-118.0877,79.0,17,23,4.34,US,2022-10-13 23:12:24
337,Bollnas,61.3482,16.3946,48.2,93,100,4.63,SE,2022-10-13 23:12:24
338,Viedma,-40.8135,-62.9967,44.4,38,0,7.81,AR,2022-10-13 23:09:44
339,Surat,21.1667,72.8333,73.94,62,93,8.5,IN,2022-10-13 23:07:50
340,Pecos,31.4229,-103.4932,81.43,41,0,11.5,US,2022-10-13 23:12:25
341,Avesta,60.1455,16.1679,48.79,97,97,4.25,SE,2022-10-13 23:12:26
342,Pacific Grove,36.6177,-121.9166,74.39,85,75,10.36,US,2022-10-13 23:12:26
343,Denpasar,-8.65,115.2167,76.71,100,75,3.44,ID,2022-10-13 23:08:00
344,Toktogul,41.8708,72.9402,55.87,26,93,1.34,KG,2022-10-13 23:12:27
345,Tecoanapa,16.5167,-98.75,81.1,83,89,2.37,MX,2022-10-13 23:12:28
346,Barraute,48.4335,-77.6328,47.53,94,100,5.55,CA,2022-10-13 23:09:30
347,Egvekinot,66.3167,-179.1667,16.68,64,82,1.95,RU,2022-10-13 23:12:28
348,Lerik,38.7726,48.4128,49.64,97,100,1.9,AZ,2022-10-13 23:12:29
349,Bambanglipuro,-7.95,110.2833,76.75,86,100,7.4,ID,2022-10-13 23:12:29
350,Mortka,59.3322,66.0214,40.26,87,78,7.31,RU,2022-10-13 23:12:30
351,Mankera,31.3866,71.4407,76.86,31,0,4.81,PK,2022-10-13 23:12:30
352,Aykhal,66.0,111.5,15.62,97,95,6.4,RU,2022-10-13 23:12:30
353,Naze,28.3667,129.4833,76.08,85,57,24.02,JP,2022-10-13 23:12:31
354,Ambatondrazaka,-17.8333,48.4167,52.2,96,13,4.32,MG,2022-10-13 23:12:31
355,La Rioja,42.25,-2.5,49.78,68,84,4.61,ES,2022-10-13 23:12:32
356,Saint-Pierre,-21.3393,55.4781,69.91,72,0,8.05,RE,2022-10-13 23:12:32
357,Bejar,40.3864,-5.7634,61.57,49,72,3.98,ES,2022-10-13 23:12:32
358,Tateyama,34.9833,139.8667,64.09,85,96,23.8,JP,2022-10-13 23:12:33
359,Ulaangom,49.9811,92.0667,34.95,59,0,3.87,MN,2022-10-13 23:12:33
360,Kawalu,-7.3817,108.2082,71.62,96,96,1.63,ID,2022-10-13 23:12:33
361,Kondinskoye,59.6481,67.41,40.05,85,78,9.4,RU,2022-10-13 23:12:34
362,Larsnes,62.2028,5.5773,50.45,68,78,6.69,NO,2022-10-13 23:12:34
363,Yambio,4.5721,28.3955,69.06,87,81,2.46,SS,2022-10-13 23:12:34
364,Cururupu,-1.8283,-44.8683,78.84,84,45,6.04,BR,2022-10-13 23:07:55
365,Victoria Point,-27.5833,153.3,75.9,77,100,1.99,AU,2022-10-13 23:13:35
366,Balarampur,23.1167,86.2167,71.67,88,6,2.98,IN,2022-10-13 23:13:35
367,Nemuro,43.3236,145.575,59.23,74,99,11.54,JP,2022-10-13 23:13:36
368,Belyy Yar,53.6039,91.3903,33.69,98,0,2.24,RU,2022-10-13 23:13:37
369,Lakes Entrance,-37.8811,147.981,64.17,58,43,9.48,AU,2022-10-13 23:13:37
370,Mozarlandia,-14.7447,-50.5706,88.11,19,49,2.39,BR,2022-10-13 23:13:38
371,Lompoc,34.6391,-120.4579,75.02,76,75,11.5,US,2022-10-13 23:08:44
372,Beberibe,-4.1797,-38.1306,78.84,82,17,13.98,BR,2022-10-13 23:13:38
373,Nouadhibou,20.931,-17.0347,71.04,78,79,22.17,MR,2022-10-13 23:13:38
374,Sao Felix Do Xingu,-6.6447,-51.995,79.03,63,75,1.36,BR,2022-10-13 23:13:39
375,Belaya Gora,68.5333,146.4167,9.39,89,82,2.68,RU,2022-10-13 23:13:39
376,Mareeba,-17.0,145.4333,79.45,73,17,6.58,AU,2022-10-13 23:13:39
377,Matara,5.9485,80.5353,75.51,93,100,9.44,LK,2022-10-13 23:13:40
378,Humberto De Campos,-2.5983,-43.4611,79.56,80,14,9.06,BR,2022-10-13 23:11:18
379,Laguna,38.421,-121.4238,87.15,37,0,5.75,US,2022-10-13 23:13:40
380,Callaway,30.153,-85.5699,78.96,80,0,9.22,US,2022-10-13 23:13:41
381,Maniitsoq,65.4167,-52.9,27.9,65,3,6.51,GL,2022-10-13 23:13:41
382,Sibolga,1.7427,98.7792,74.37,88,84,2.86,ID,2022-10-13 23:13:41
383,Amapa,1.0,-52.0,72.64,95,90,3.18,BR,2022-10-13 23:13:42
384,Lyngseidet,69.5763,20.2189,41.0,96,97,8.23,NO,2022-10-13 23:13:42
385,Xining,36.6167,101.7667,40.1,78,99,1.14,CN,2022-10-13 23:13:43
386,Husavik,66.0449,-17.3389,35.78,85,100,5.1,IS,2022-10-13 23:13:43
387,Panjab,34.388,67.0233,34.56,17,0,5.28,AF,2022-10-13 23:13:43
388,Beisfjord,68.3751,17.5988,42.85,95,98,2.86,NO,2022-10-13 23:13:44
389,Ngunguru,-35.6167,174.5,58.12,82,84,23.98,NZ,2022-10-13 23:13:44
390,Holme,56.1138,10.1725,53.19,94,91,4.85,DK,2022-10-13 23:13:44
391,Leningradskiy,69.3833,178.4167,16.84,70,37,5.14,RU,2022-10-13 23:13:45
392,Conde,-7.2597,-34.9075,76.46,78,0,11.5,BR,2022-10-13 23:13:45
393,Mantua,45.1667,10.7833,60.04,86,97,1.43,IT,2022-10-13 23:13:45
394,Khani,41.9563,42.9566,42.37,75,96,4.12,GE,2022-10-13 23:13:46
395,Liuhe,42.2401,125.7172,47.57,75,89,3.62,CN,2022-10-13 23:13:46
396,Meulaboh,4.1363,96.1285,74.88,87,98,3.42,ID,2022-10-13 23:13:47
397,Goalpara,26.1667,90.6167,72.27,96,24,2.42,IN,2022-10-13 23:13:47
398,Praxedis Guerrero,31.3667,-106.0167,80.06,22,100,1.14,MX,2022-10-13 23:13:47
399,Chardara,41.2547,67.9692,59.92,32,30,2.37,KZ,2022-10-13 23:13:48
400,Qui Nhon,13.7667,109.2333,72.91,87,100,8.59,VN,2022-10-13 23:13:48
401,Nanakuli,21.3906,-158.1547,89.55,54,0,14.97,US,2022-10-13 23:13:48
402,Yeppoon,-23.1333,150.7333,73.18,76,38,7.94,AU,2022-10-13 23:13:49
403,Atherton,53.5237,-2.4935,53.42,88,38,1.01,GB,2022-10-13 23:13:49
404,Kandi,11.1342,2.9386,73.83,81,100,3.65,BJ,2022-10-13 23:13:49
405,Linqiong,30.4159,103.4609,59.02,75,100,3.62,CN,2022-10-13 23:13:50
406,San Cristobal,7.7669,-72.225,68.18,90,100,2.53,VE,2022-10-13 23:13:50
407,Ayagoz,47.9714,80.4392,40.75,46,53,4.18,KZ,2022-10-13 23:13:51
408,Kloulklubed,7.0419,134.2556,82.9,79,100,10.22,PW,2022-10-13 23:13:51
409,Davila,18.4726,120.5763,81.03,78,64,17.49,PH,2022-10-13 23:13:51
410,Payson,40.0444,-111.7321,74.41,29,0,3.44,US,2022-10-13 23:09:51
411,Camacha,33.0833,-16.3333,67.42,68,40,11.5,PT,2022-10-13 23:13:52
412,Brasy,49.837,13.5783,50.22,98,100,4.43,CZ,2022-10-13 23:13:52
413,Paraiso,9.8383,-83.8656,67.96,99,100,1.3,CR,2022-10-13 23:14:53
414,Faya,18.3851,42.4509,57.72,26,14,4.41,SA,2022-10-13 23:14:53
415,Mount Hagen,-5.8581,144.2274,68.99,67,84,2.51,PG,2022-10-13 23:14:53
416,Novyy Urengoy,66.0833,76.6333,37.26,84,100,13.8,RU,2022-10-13 23:14:54
417,Port Hardy,50.6996,-127.4199,58.51,71,52,6.73,CA,2022-10-13 23:14:54
418,Bilibino,68.0546,166.4372,8.89,84,100,1.23,RU,2022-10-13 23:14:54
419,Guigue,10.0853,-67.7792,72.45,92,92,1.88,VE,2022-10-13 23:14:55
420,Qinhuangdao,39.9317,119.5883,58.39,41,100,7.67,CN,2022-10-13 23:14:55
421,Male,4.1748,73.5089,78.57,82,100,22.37,MV,2022-10-13 23:11:21
422,Pemba,-12.974,40.5178,72.3,88,20,3.44,MZ,2022-10-13 23:13:11
423,Moindou,-21.6924,165.677,75.33,54,49,8.5,NC,2022-10-13 23:14:56
424,Haines Junction,60.7522,-137.5108,28.24,95,100,5.97,CA,2022-10-13 23:14:56
425,Dzilam Gonzalez,21.2833,-88.9333,78.21,86,100,6.06,MX,2022-10-13 23:14:56
426,Necochea,-38.5473,-58.7368,42.93,64,4,7.09,AR,2022-10-13 23:14:57
427,Bria,6.5423,21.9863,68.56,95,95,3.65,CF,2022-10-13 23:14:57
428,Grafton,42.207,-71.6856,63.55,95,100,5.01,US,2022-10-13 23:14:57
429,Oussouye,12.485,-16.5469,79.5,83,28,4.5,SN,2022-10-13 23:14:58
430,Awjilah,29.1081,21.2869,76.39,33,26,0.34,LY,2022-10-13 23:14:58
431,Floro,61.5996,5.0328,48.96,71,100,16.11,NO,2022-10-13 23:14:58
432,Richards Bay,-28.783,32.0377,74.35,77,89,12.17,ZA,2022-10-13 23:14:59
433,Qasigiannguit,68.8193,-51.1922,26.85,88,78,5.53,GL,2022-10-13 23:14:59
434,Lambarene,-0.7001,10.2406,74.05,97,99,4.25,GA,2022-10-13 23:15:00
435,Dingtao,35.0683,115.5625,57.6,62,97,4.9,CN,2022-10-13 23:15:00
436,Mildura,-34.2,142.15,58.06,81,0,21.9,AU,2022-10-13 23:13:37
437,Ampanihy,-24.7,44.75,67.89,81,0,5.1,MG,2022-10-13 23:15:00
438,Chulym,55.0997,80.9572,34.65,83,8,6.53,RU,2022-10-13 23:15:01
439,Henties Bay,-22.116,14.2845,57.07,92,73,7.7,NA,2022-10-13 23:12:40
440,Manokwari,-0.8667,134.0833,82.35,74,98,7.49,ID,2022-10-13 23:15:01
441,Znamenskoye,57.1281,73.8282,38.43,77,96,8.63,RU,2022-10-13 23:15:03
442,Hudiksvall,61.729,17.1036,48.79,90,100,5.19,SE,2022-10-13 23:15:05
443,Ayacucho,-13.1583,-74.2239,71.46,23,20,5.75,PE,2022-10-13 23:15:05
444,Skoghall,59.3232,13.4655,50.56,92,75,6.91,SE,2022-10-13 23:15:06
445,Leshukonskoye,64.8989,45.7622,33.19,95,5,4.92,RU,2022-10-13 23:15:06
446,Cabra,37.4725,-4.4421,65.32,65,45,3.98,ES,2022-10-13 23:15:07
447,San Quintin,30.4833,-115.95,70.32,74,9,15.57,MX,2022-10-13 23:15:07
448,Hanover,52.3705,9.7332,56.98,89,75,4.61,DE,2022-10-13 23:15:07
449,Anito,12.4497,125.2886,80.47,84,100,9.98,PH,2022-10-13 23:15:08
450,Kirkland Lake,48.1446,-80.0377,44.67,87,92,8.03,CA,2022-10-13 23:15:08
451,Kaeo,-35.1,173.7833,62.33,91,64,17.07,NZ,2022-10-13 23:15:09
452,Ust-Maya,60.4167,134.5333,29.68,93,95,1.7,RU,2022-10-13 23:15:09
453,Carutapera,-1.195,-46.02,80.04,80,27,9.82,BR,2022-10-13 23:15:09
454,Kota Belud,6.351,116.4305,78.35,78,100,7.0,MY,2022-10-13 23:15:10
455,Nichlaul,27.3167,83.7333,70.2,89,0,2.1,IN,2022-10-13 23:15:10
456,Umba,66.6871,34.3429,42.37,93,100,9.57,RU,2022-10-13 23:15:11
457,Pirai Do Sul,-24.5261,-49.9486,59.95,98,100,2.59,BR,2022-10-13 23:15:11
458,Puerto Baquerizo Moreno,-0.9,-89.6,67.89,80,38,11.95,EC,2022-10-13 23:15:12
459,Banjarmasin,-3.3244,114.591,75.34,91,93,0.65,ID,2022-10-13 23:15:12
460,Pavlysh,48.9176,33.3569,42.78,65,6,3.67,UA,2022-10-13 23:15:13
461,Kon Tum,14.35,108.0,65.21,98,100,2.68,VN,2022-10-13 23:16:13
462,Ramgarh,23.6333,85.5167,70.61,88,7,2.93,IN,2022-10-13 23:16:13
463,Okhotsk,59.3833,143.3,30.61,57,100,8.99,RU,2022-10-13 23:16:15
464,Nadym,65.5333,72.5167,38.93,86,100,14.38,RU,2022-10-13 23:16:15
465,Vao,-22.6667,167.4833,69.98,69,100,13.6,NC,2022-10-13 23:16:16
466,Kenora,49.8167,-94.4337,34.77,93,100,15.01,CA,2022-10-13 23:16:16
467,Vila Franca Do Campo,37.7167,-25.4333,71.2,82,15,3.91,PT,2022-10-13 23:16:16
468,Umea,63.8284,20.2597,46.9,100,100,3.44,SE,2022-10-13 23:16:17
469,Baykit,61.67,96.37,29.01,93,74,3.44,RU,2022-10-13 23:16:17
470,Carnduff,49.1667,-101.8009,48.38,15,0,22.5,CA,2022-10-13 23:16:17
471,Yangambi,0.8102,24.4336,68.38,97,89,1.57,CD,2022-10-13 23:16:18
472,Ayan,56.45,138.1667,41.97,65,64,10.69,RU,2022-10-13 23:16:18
473,Cabedelo,-6.9811,-34.8339,77.67,79,28,13.49,BR,2022-10-13 23:16:18
474,Vestmanna,62.1564,-7.1664,41.92,87,100,6.91,FO,2022-10-13 23:16:19
475,Ismailia,30.6043,32.2723,66.24,80,0,6.31,EG,2022-10-13 23:16:19
476,Hoa Binh,20.8133,105.3383,66.27,72,5,4.16,VN,2022-10-13 23:16:19
477,Xai-Xai,-25.0519,33.6442,68.02,90,11,8.19,MZ,2022-10-13 23:13:06
478,Grindavik,63.8424,-22.4338,39.67,75,0,18.41,IS,2022-10-13 23:16:20
479,Hami,42.8,93.45,51.53,39,97,4.74,CN,2022-10-13 23:16:20
480,Westport,41.1415,-73.3579,68.56,90,100,13.8,US,2022-10-13 23:12:20
481,Mamontovo,52.7055,81.6244,35.51,82,13,8.79,RU,2022-10-13 23:16:21
482,Brae,60.3964,-1.353,52.39,78,81,23.26,GB,2022-10-13 23:16:21
483,Tonj,7.2737,28.6822,71.96,79,100,1.14,SS,2022-10-13 23:16:21
484,Port Hedland,-20.3167,118.5667,73.45,20,96,11.5,AU,2022-10-13 23:16:22
485,Comonfort,20.7167,-100.7667,76.21,30,93,7.09,MX,2022-10-13 23:16:22
486,Mount Isa,-20.7333,139.5,71.37,37,75,17.27,AU,2022-10-13 23:16:22
487,Atbasar,51.8,68.3333,48.78,32,93,7.45,KZ,2022-10-13 23:16:23
488,Norman Wells,65.282,-126.8329,26.64,86,75,23.02,CA,2022-10-13 23:16:23
489,Tsogni,-2.7942,10.0988,75.45,93,91,5.61,GA,2022-10-13 23:16:23
490,Normandin,48.8333,-72.5321,64.71,72,99,10.36,CA,2022-10-13 23:16:24
491,Dasoguz,41.8363,59.9666,51.75,58,0,4.61,TM,2022-10-13 23:16:24
492,La Ronge,55.1001,-105.2842,46.62,23,40,13.8,CA,2022-10-13 23:16:24
493,Esso,55.9333,158.7,30.27,85,97,3.18,RU,2022-10-13 23:16:25
494,Nara,34.6851,135.8049,65.57,65,25,3.09,JP,2022-10-13 23:16:25
495,Bulawayo,-20.15,28.5833,69.55,24,41,11.05,ZW,2022-10-13 23:16:25
496,West Wendover,40.7391,-114.0733,72.61,20,0,5.75,US,2022-10-13 23:16:26
497,Galesong,-5.3166,119.3661,77.02,77,95,5.5,ID,2022-10-13 23:16:26
498,Forrest City,35.0081,-90.7898,70.88,19,0,10.56,US,2022-10-13 23:16:26
499,Walvis Bay,-22.9575,14.5053,58.15,88,18,3.44,NA,2022-10-13 23:15:25
500,Sokoni,-6.4333,39.55,75.07,74,5,15.08,TZ,2022-10-13 23:16:27
501,Mendoza,-32.8908,-68.8272,58.53,29,0,3.44,AR,2022-10-13 23:16:27
502,Yumen,40.2833,97.2,42.73,35,10,9.86,CN,2022-10-13 23:16:28
503,Gamboula,4.1178,15.1393,68.41,97,100,0.11,CF,2022-10-13 23:16:28
504,Gunjur,13.2019,-16.7339,78.87,94,40,0.0,GM,2022-10-13 23:16:28
505,Sinnamary,5.3833,-52.95,77.72,88,92,6.02,GF,2022-10-13 23:16:29
506,Oranjestad,12.524,-70.027,84.15,86,20,14.97,AW,2022-10-13 23:16:29
507,Nuristan,35.3,70.8333,32.22,29,0,8.59,AF,2022-10-13 23:16:29
508,Melipilla,-33.7,-71.2167,52.61,35,6,6.26,CL,2022-10-13 23:17:30
509,Coos Bay,43.3665,-124.2179,82.31,80,75,8.05,US,2022-10-13 23:17:30
510,Huilong,31.8111,121.655,65.93,69,88,9.91,CN,2022-10-13 23:17:30
511,Catemaco,18.4167,-95.1167,76.53,86,71,6.8,MX,2022-10-13 23:17:31
512,Gazanjyk,39.2446,55.5154,59.72,35,36,9.35,TM,2022-10-13 23:17:31
513,Maceio,-9.6658,-35.7353,78.24,78,40,10.36,BR,2022-10-13 23:17:31
514,Moscow,55.7522,37.6156,41.38,72,53,5.88,RU,2022-10-13 23:15:37
515,Manggar,-2.8833,108.2667,78.94,81,99,2.37,ID,2022-10-13 23:17:32
516,Tarata,-17.6167,-66.0167,65.62,51,17,9.28,BO,2022-10-13 23:17:32
517,Doha,25.2867,51.5333,84.18,74,0,5.75,QA,2022-10-13 23:17:17
518,Mujiayingzi,42.1167,118.7833,52.9,31,100,4.68,CN,2022-10-13 23:17:33
519,Barbastro,42.0356,0.1269,64.94,57,96,4.09,ES,2022-10-13 23:17:33
520,Mabaruma,8.2,-59.7833,71.1,98,100,2.21,GY,2022-10-13 23:17:33
521,Taoudenni,22.6783,-3.9836,90.57,14,37,10.98,ML,2022-10-13 23:17:34
522,Albufeira,37.0882,-8.2503,70.02,70,37,6.29,PT,2022-10-13 23:17:34
523,Zakamensk,50.3741,103.2863,22.48,91,50,0.74,RU,2022-10-13 23:17:34
524,Maldonado,-34.6667,-54.9167,51.22,62,24,6.8,UY,2022-10-13 23:17:35
525,Bubaque,11.2833,-15.8333,81.64,76,74,8.55,GW,2022-10-13 23:13:53
526,Rudbar,30.15,62.6,67.53,14,0,3.62,AF,2022-10-13 23:17:35
527,Korla,41.7597,86.1469,48.74,37,2,3.78,CN,2022-10-13 23:17:36
